{"epoch": [0, 1, 2, 3, 4, 5, 6, 7, 8, 9, 10, 11, 12, 13, 14, 15, 16, 17, 18, 19, 20, 21, 22, 23, 24, 25, 26, 27, 28, 29, 30, 31, 32, 33, 34], "loss": [0.41930175945162773, 0.24451418779790401, 0.1954155508428812, 0.1760482992976904, 0.1661873310804367, 0.16251753270626068, 0.16062063723802567, 0.1596747823059559, 0.1591514479368925, 0.15852549485862255, 0.15872299298644066, 0.15827102586627007, 0.1584886498749256, 0.1584954522550106, 0.1587231457233429, 0.15886667370796204, 0.1587564703077078, 0.15840103290975094, 0.15863537788391113, 0.15846691094338894, 0.15876158699393272, 0.15850692614912987, 0.1584976240992546, 0.15856860764324665, 0.15842914022505283, 0.15844685770571232, 0.15859047509729862, 0.15844799019396305, 0.15850893035531044, 0.1589264925569296, 0.1581733450293541, 0.15847648680210114, 0.15827912464737892, 0.15853414312005043, 0.1585946511477232], "lr": [0.5148414693757275, 0.4157156675160978, 0.41860719865086854, 0.4215188419751877, 0.42445073738039657, 0.4274030257308573, 0.4303758488707216, 0.433369349630745, 0.43638367183514964, 0.43941896030853395, 0.44247536088283157, 0.44555302040431705, 0.44865208674066176, 0.45177270878803805, 0.4549150364782729, 0.4580792207860518, 0.4612654137361722, 0.4644737684108475, 0.46770443895706215, 0.4709575805939779, 0.4742333496203908, 0.47753190342224106, 0.48085340048017494, 0.4841980003771585, 0.4875658638061452, 0.49095715257779654, 0.4943720296282558, 0.4978106590269772, 0.5012732059846077, 0.5047598368609256, 0.5082707191728333, 0.5118060216024047, 0.5153659140049908, 0.5189505674173793, 0.5225601540660139], "eval_acc": [0, 0, 0, 0, 0, 0, 0, 0, 0, 0, 0, 0, 0, 0, 0, 0, 0, 0, 0, 0, 0, 0, 0, 0, 0, 0, 0, 0, 0, 0, 0, 0, 0, 0, 0]}