{"epoch": [0, 1, 2, 3, 4, 5, 6, 7, 8, 9, 10, 11, 12, 13, 14, 15, 16, 17, 18, 19, 20, 21, 22, 23, 24, 25, 26, 27, 28, 29, 30, 31, 32, 33, 34], "loss": [0.3937427680939436, 0.09693375695496798, 0.03797108551952988, 0.01815432868897915, 0.007920690870378166, 0.0037683309783460572, 0.0018229672132292762, 0.0007896208226156887, 0.00036062142498849425, 0.00017641978047322482, 7.204806979643763e-05, 3.1544368312097504e-05, 1.385224038585875e-05, 5.901431421762027e-06, 2.5258029552333028e-06, 1.188843889110558e-06, 5.02453756823229e-07, 2.4656598451855416e-07, 9.479017970548398e-08, 5.1373836740253864e-08, 1.950689221263957e-08, 8.436206011541714e-09, 3.5241460721868734e-09, 1.948684227870423e-09, 1.0295477907706907e-09, 4.909732603114447e-10, 2.7499823512106003e-10, 1.353057839381666e-10, 6.947669869972195e-11, 2.7391725389638855e-11, 1.0445818092886389e-11, 4.539993448998865e-12, 2.1712258659284216e-12, 1.100815768292733e-12, 4.745727042002349e-13], "lr": [0.25055011708201325, 0.1345539788314209, 0.13548987576651358, 0.13643228237958624, 0.1373812439490299, 0.13833680606817178, 0.1392990146474656, 0.14026791591669774, 0.14124355642720804, 0.1422259830541265, 0.1432152429986256, 0.14421138379018775, 0.1452144532888892, 0.14622449968769918, 0.1472415715147957, 0.1482657176358969, 0.14929698725660875, 0.1503354299247895, 0.15138109553292978, 0.15243403432055005, 0.1534942968766143, 0.15456193414196057, 0.1556369974117483, 0.15671953833792324, 0.15780960893169851, 0.15890726156605428, 0.16001254897825318, 0.1611255242723747, 0.16224624092186632, 0.16337475277211289, 0.1645111140430235, 0.16565537933163638, 0.1668076036147424, 0.16796784225152617, 0.16913615098622578], "eval_acc": [0, 0, 0, 0, 0, 0, 0, 0, 0, 0, 0, 0, 0, 0, 0, 0, 0, 0, 0, 0, 0, 0, 0, 0, 0, 0, 0, 0, 0, 0, 0, 0, 0, 0, 0]}