{"epoch": [0], "loss": [1.6439853470648647], "lr": [0.001517770823797163], "eval_acc": [0.5258]}