{"epoch": [0, 1, 2, 3, 4, 5, 6, 7, 8, 9, 10, 11, 12, 13, 14, 15, 16, 17, 18, 19, 20, 21, 22, 23, 24, 25, 26, 27, 28, 29, 30, 31, 32, 33, 34], "loss": [0.3196008699014783, 0.08689885307103395, 0.03451695910189301, 0.023112654453143477, 0.01525307388510555, 0.010578635265119374, 0.008764875179622322, 0.00762150640366599, 0.007178729341831058, 0.0069287450751289725, 0.006811591447331011, 0.006744145008269697, 0.006749378924723715, 0.006666191678959876, 0.006688211695291102, 0.0068387106875889, 0.006750567175913602, 0.006696285563521087, 0.00670384505065158, 0.0067244472447782755, 0.006759599840734154, 0.00673532101791352, 0.006716523028444499, 0.006699325458612293, 0.0067021072609350085, 0.006714152172207832, 0.006737113930284977, 0.0066673431429080665, 0.00670867704320699, 0.00670477410312742, 0.006679239741060883, 0.006718850578181446, 0.00677605316741392, 0.006716889329254627, 0.0067518927389755845], "lr": [0.8115475918169944, 0.3709596860416873, 0.37353991470697523, 0.3761380902819021, 0.37875433759709676, 0.3813887823514528, 0.38404155111816957, 0.38671277135083204, 0.38940257138953543, 0.3921110804670506, 0.39483842871503355, 0.3975847471702773, 0.40035016778100835, 0.40313482341322515, 0.4059388478570827, 0.4087623758333196, 0.4116055429997318, 0.41446848595768954, 0.417351342258701, 0.4202542504110205, 0.42317734988630334, 0.42612078112630736, 0.42908468554963974, 0.4320692055585519, 0.43507448454578146, 0.43810066690144095, 0.441147898019956, 0.44421632430705044, 0.44730609318677994, 0.45041735310861614, 0.45355025355457823, 0.4567049450464149, 0.45988157915283634, 0.46308030849679693, 0.46630128676282745], "eval_acc": [0, 0, 0, 0, 0, 0, 0, 0, 0, 0, 0, 0, 0, 0, 0, 0, 0, 0, 0, 0, 0, 0, 0, 0, 0, 0, 0, 0, 0, 0, 0, 0, 0, 0, 0]}